{
  "timestamp": "2026-01-05T17:54:15.463869",
  "enhanced_risk_management": {
    "aggressive_volatility_thresholds": {
      "warning": 0.15,
      "critical": 0.2,
      "warning_scalar": 0.3,
      "critical_scalar": 0.1
    },
    "zombie_price_detection": {
      "zombie_symbols": [],
      "zombie_days_count": 0
    },
    "synthetic_volatility_applied": 0,
    "xs2l_protection": {
      "status": "NORMAL",
      "scalar_applied": 1.0
    },
    "final_signals": [
      {
        "symbol": "CSSPX.MI",
        "state": "RISK_ON",
        "scalar": 1.0,
        "explain": "TREND_UP_SMA200_VOL_BOOST",
        "volatility": 0.07314143165670094
      },
      {
        "symbol": "XS2L.MI",
        "state": "RISK_ON",
        "scalar": 6.430000000000005e-09,
        "explain": "TREND_UP_SMA200_AGGRESSIVE_VOL_AGGRESSIVE_VOL_AGGRESSIVE_VOL_AGGRESSIVE_VOL_AGGRESSIVE_VOL_AGGRESSIVE_VOL_AGGRESSIVE_VOL_AGGRESSIVE_VOL",
        "volatility": 0.23312971642736602
      }
    ]
  }
}