{
  "timestamp": "2026-01-05T17:54:45.836778",
  "p2_risk_analysis": {
    "p2_1_diversification_guardrails": {
      "correlation_csspx_xs2l": 0.8353,
      "correlation_threshold": 0.7,
      "correlation_violation": true,
      "contribution_to_risk": {
        "CSSPX.MI": 0.337,
        "XS2L.MI": 0.663
      },
      "concentration_threshold": 0.6,
      "concentration_violation": true,
      "variance_explained": 0.698,
      "variance_threshold": 0.5,
      "variance_violation": true,
      "diversification_score": 0.4,
      "violations": [
        {
          "type": "HIGH_CORRELATION",
          "description": "Correlazione 0.835 > 0.7",
          "severity": "HIGH"
        },
        {
          "type": "HIGH_CONCENTRATION",
          "description": "Concentrazione XS2L.MI: 66.3% > 60.0%",
          "severity": "HIGH"
        },
        {
          "type": "HIGH_VARIANCE_CONCENTRATION",
          "description": "Varianza spiegata 69.8% > 50%",
          "severity": "MEDIUM"
        }
      ]
    },
    "p2_2_vol_targeting": {
      "baseline_vol_target": 0.15,
      "drawdown_analysis": {
        "XS2L.MI": {
          "max_drawdown": -0.591,
          "days_below_10pct": 652,
          "days_below_20pct": 408,
          "total_days": 1285
        },
        "CSSPX.MI": {
          "max_drawdown": -0.336,
          "days_below_10pct": 312,
          "days_below_20pct": 29,
          "total_days": 1525
        }
      },
      "current_volatilities": {
        "XS2L.MI": 0.214,
        "CSSPX.MI": 0.101
      },
      "dynamic_vol_targets": {
        "XS2L.MI": {
          "target": 0.105,
          "adjustment_factor": 0.7,
          "reason": "DD storico -59.1% > -40%"
        },
        "CSSPX.MI": {
          "target": 0.128,
          "adjustment_factor": 0.85,
          "reason": "DD storico -33.6% > -30%"
        }
      },
      "violations": [
        {
          "symbol": "XS2L.MI",
          "current_vol": 0.214,
          "target_vol": 0.105,
          "excess_pct": 1.039,
          "severity": "HIGH"
        }
      ],
      "risk_adjustments_applied": 2
    },
    "overall_assessment": {
      "status": "CRITICAL",
      "score": 0.4,
      "total_violations": 4,
      "high_severity_violations": 3,
      "diversification_score": 0.4,
      "vol_targeting_compliance": false
    },
    "recommendations": [
      {
        "priority": "HIGH",
        "area": "Diversificazione",
        "action": "Ridurre correlazione portfolio",
        "detail": "Correlazione CSSPX-XS2L 83.5% > 70%. Considerare asset decorrelati (es. bond, gold, real estate)"
      },
      {
        "priority": "HIGH",
        "area": "Concentrazione",
        "action": "Ribilanciare pesi portfolio",
        "detail": "XS2L.MI contribuisce 66.3% al rischio. Ridurre a max 40-45%"
      },
      {
        "priority": "HIGH",
        "area": "Vol Targeting",
        "action": "Implementare controllo volatilit\u00e0",
        "detail": "XS2L.MI vol 21.4% > target 10.5%. Ridurre sizing o implementare dynamic hedging"
      },
      {
        "priority": "CRITICAL",
        "area": "Risk Management",
        "action": "Protezione drawdown XS2L",
        "detail": "XS2L ha drawdown storico -59.1%. Implementare: position sizing max 40%, stop-loss -15%, trailing stop -10%"
      },
      {
        "priority": "MEDIUM",
        "area": "Strategia",
        "action": "Riconsiderare composizione portfolio",
        "detail": "Score basso indica rischio eccessivo. Valutare universo pi\u00f9 diversificato"
      }
    ]
  }
}