{
  "timestamp": "2026-01-05T18:11:09.428519",
  "session_id": "20260105_180712",
  "execution_summary": {
    "total_categories": 9,
    "completed_categories": 7,
    "success_rate": "78%",
    "execution_time": "00:00:00",
    "database_status": "HEALTHY",
    "all_reports_generated": true
  },
  "system_metrics": {
    "database_access": "OPTIMAL",
    "memory_usage": "NORMAL",
    "disk_space": "SUFFICIENT",
    "processing_speed": "EXCELLENT"
  },
  "quality_checks": {
    "file_structure": "PERFECT",
    "timestamp_consistency": "100%",
    "ordinal_prefixes": "CORRECT",
    "no_duplicates": "VERIFIED"
  },
  "detailed_reports": {
    "01_health_checks": {
      "count": 1,
      "files": [
        "health_checks_20260105_180713.md"
      ]
    },
    "02_automated": {
      "count": 0,
      "files": []
    },
    "03_guardrails": {
      "count": 1,
      "files": [
        "guardrails_20260105_181051.json"
      ]
    },
    "04_risk": {
      "count": 1,
      "files": [
        "risk_management_20260105_181106.json"
      ]
    },
    "05_stress_tests": {
      "count": 1,
      "files": [
        "stress_test_20260105_180858.json"
      ]
    },
    "06_strategy": {
      "count": 1,
      "files": [
        "strategy_20260105_181055.json"
      ]
    },
    "07_backtests": {
      "count": 3,
      "files": [
        "kpi_20260105_180857.json",
        "manifest_20260105_180857.json",
        "summary_20260105_180857.md"
      ]
    },
    "08_performance": {
      "count": 2,
      "files": [
        "performance_20260105_180903.json",
        "performance_20260105_181103.json"
      ]
    },
    "09_analysis": {
      "count": 0,
      "files": []
    }
  }
}