{
  "timestamp": "2026-01-05T19:32:01.768231",
  "dry_run": true,
  "orders": [
    {
      "symbol": "CSSPX.MI",
      "action": "BUY",
      "qty": 124.86793352125459,
      "price": 624.6599731445312,
      "reason": "TREND_UP_SMA200_VOL_BOOST",
      "expected_alpha_est": 3900.0,
      "fees_est": 93.6,
      "tax_friction_est": 0.0,
      "do_nothing_score": 0.04853147725392719,
      "recommendation": "HOLD"
    },
    {
      "symbol": "XS2L.MI",
      "action": "BUY",
      "qty": 64.21147586816653,
      "price": 251.6699981689453,
      "reason": "TREND_UP_SMA200_VOL_ADJ",
      "expected_alpha_est": 808.0051007083374,
      "fees_est": 19.392122417000095,
      "tax_friction_est": 0.0,
      "do_nothing_score": 0.048531477253927195,
      "recommendation": "HOLD"
    }
  ],
  "summary": {
    "total_orders": 2,
    "buy_orders": 2,
    "sell_orders": 0,
    "hold_orders": 0,
    "total_estimated_cost": 112.99212241700009,
    "total_expected_alpha": 4708.0051007083375
  }
}