{
  "run_id": "backtest_20260105_175435",
  "run_ts": "2026-01-05T17:54:35.291076",
  "mode": "BACKTEST",
  "execution_model": "T+1_OPEN",
  "cost_model": {
    "commission_pct": 0.001,
    "slippage_bps": 5,
    "ter": 0.07
  },
  "tax_model": {
    "tax_rate_capital": 0.26,
    "tax_loss_carry_years": 4
  },
  "currency_base": "EUR",
  "universe": {
    "core": [
      {
        "symbol": "CSSPX.MI",
        "name": "iShares Core S&P 500",
        "dist_policy": "ACC",
        "ter": 0.07,
        "currency": "EUR",
        "tax_category": "OICR_ETF",
        "aum_eur": 500000000,
        "cost_model": {
          "commission_pct": 0.001,
          "slippage_bps": 5
        },
        "execution_model": "T+1_OPEN",
        "fx_enabled": false
      }
    ],
    "satellite": [
      {
        "symbol": "XS2L.MI",
        "name": "Xtrackers S&P 500 2x",
        "dist_policy": "ACC",
        "ter": 0.35,
        "currency": "EUR",
        "tax_category": "OICR_ETF",
        "aum_eur": 500000000,
        "cost_model": {
          "commission_pct": 0.001,
          "slippage_bps": 8
        },
        "execution_model": "T+1_OPEN",
        "fx_enabled": false
      }
    ],
    "benchmark": [
      {
        "symbol": "^GSPC",
        "name": "S&P 500 Index",
        "dist_policy": "N/A",
        "currency": "USD",
        "tax_category": "INDEX",
        "execution_model": "N/A",
        "fx_enabled": true,
        "fx_pair": "USDEUR=X"
      }
    ]
  },
  "benchmark_symbol": "^GSPC",
  "benchmark_kind": "INDEX",
  "config_hash": "a7e3c5d2",
  "data_fingerprint": "3 symbols|CSSPX.MI:3934:2026-01-02|XS2L.MI:3452:2026-01-02|^GSPC:4025:2026-01-02"
}