{
  "timestamp": "2026-01-05T17:55:40.984360",
  "session_id": "20260105_175353",
  "execution_summary": {
    "total_categories": 9,
    "completed_categories": 9,
    "success_rate": "100%",
    "execution_time": "00:00:00",
    "database_status": "HEALTHY",
    "all_reports_generated": true
  },
  "system_metrics": {
    "database_access": "OPTIMAL",
    "memory_usage": "NORMAL",
    "disk_space": "SUFFICIENT",
    "processing_speed": "EXCELLENT"
  },
  "quality_checks": {
    "file_structure": "PERFECT",
    "timestamp_consistency": "100%",
    "ordinal_prefixes": "CORRECT",
    "no_duplicates": "VERIFIED"
  },
  "detailed_reports": {
    "01_health_checks": {
      "count": 1,
      "files": [
        "health_checks_20260105_175353.md"
      ]
    },
    "02_automated": {
      "count": 1,
      "files": [
        "automated_test_cycle_20260105_175404.json"
      ]
    },
    "03_guardrails": {
      "count": 1,
      "files": [
        "guardrails_20260105_175410.json"
      ]
    },
    "04_risk": {
      "count": 1,
      "files": [
        "risk_management_20260105_175415.json"
      ]
    },
    "05_stress_tests": {
      "count": 1,
      "files": [
        "stress_test_20260105_175420.json"
      ]
    },
    "06_strategy": {
      "count": 1,
      "files": [
        "strategy_20260105_175425.json"
      ]
    },
    "07_backtests": {
      "count": 3,
      "files": [
        "kpi_20260105_175435.json",
        "manifest_20260105_175435.json",
        "summary_20260105_175435.md"
      ]
    },
    "08_performance": {
      "count": 1,
      "files": [
        "performance_20260105_175440.json"
      ]
    },
    "09_analysis": {
      "count": 1,
      "files": [
        "analysis_20260105_175446.json"
      ]
    }
  }
}