{
  "timestamp": "2026-01-06T11:09:50.002886",
  "commit_mode": false,
  "portfolio_value": 280001.0,
  "current_weights": {},
  "target_weights": {
    "AGGH.MI": 0.15,
    "CSSPX.MI": 0.595,
    "XS2L.MI": 0.255
  },
  "orders": [
    {
      "symbol": "CSSPX.MI",
      "action": "BUY",
      "qty": 1649.5108415841585,
      "price": 101.0,
      "reason": "Weight diff: +59.50%",
      "type": "REBALANCE"
    },
    {
      "symbol": "XS2L.MI",
      "action": "BUY",
      "qty": 1400.005,
      "price": 51.0,
      "reason": "Weight diff: +25.50%",
      "type": "REBALANCE"
    }
  ],
  "summary": {
    "total_orders": 2,
    "buy_orders": 2,
    "sell_orders": 0,
    "stop_loss_orders": 0
  }
}