{
  "timestamp": "2026-01-06T11:46:24.412693",
  "commit_mode": false,
  "portfolio_value": 45001.0,
  "current_weights": {
    "XS2L.MI": 0.1111086420301771
  },
  "target_weights": {
    "AGGH.MI": 0.15,
    "CSSPX.MI": 0.595,
    "XS2L.MI": 0.255
  },
  "orders": [
    {
      "symbol": "XS2L.MI",
      "action": "BUY",
      "qty": 647.5255000000002,
      "price": 10.0,
      "reason": "Weight diff: +14.39%",
      "type": "REBALANCE"
    }
  ],
  "summary": {
    "total_orders": 1,
    "buy_orders": 1,
    "sell_orders": 0,
    "stop_loss_orders": 0
  }
}