{
  "timestamp": "2026-01-05T18:40:54.698696",
  "test_p0_4_spike_detection": {
    "symbols_analyzed": 3,
    "total_spikes_detected": 9,
    "spike_thresholds": {
      "XS2L.MI": {
        "annual_vol": 0.39841889708607847,
        "daily_vol": 0.025098031412342865,
        "threshold": 0.0752940942370286,
        "days_analyzed": 1285
      },
      "^GSPC": {
        "annual_vol": 0.2092023779576262,
        "daily_vol": 0.013178511089505227,
        "threshold": 0.03953553326851568,
        "days_analyzed": 1509
      },
      "CSSPX.MI": {
        "annual_vol": 0.17879377201788055,
        "daily_vol": 0.011262948969678357,
        "threshold": 0.03378884690903507,
        "days_analyzed": 1525
      }
    },
    "spike_statistics": {
      "XS2L.MI": {
        "total_spikes": 3,
        "max_spike": 0.238600617888991,
        "threshold_used": 0.0752940942370286,
        "volatility": 0.39841889708607847
      },
      "^GSPC": {
        "total_spikes": 3,
        "max_spike": 0.11984055240393443,
        "threshold_used": 0.03953553326851568,
        "volatility": 0.2092023779576262
      },
      "CSSPX.MI": {
        "total_spikes": 3,
        "max_spike": 0.0811200967447181,
        "threshold_used": 0.03378884690903507,
        "volatility": 0.17879377201788055
      }
    },
    "top_spikes": [
      {
        "symbol": "XS2L.MI",
        "date": "2020-03-25",
        "return": 0.238600617888991,
        "close": 47.26499938964844,
        "prev_close": 38.15999984741211,
        "threshold_used": 0.0752940942370286
      },
      {
        "symbol": "XS2L.MI",
        "date": "2020-03-12",
        "return": -0.16510802027594895,
        "close": 49.099998474121094,
        "prev_close": 58.810001373291016,
        "threshold_used": 0.0752940942370286
      },
      {
        "symbol": "XS2L.MI",
        "date": "2022-09-22",
        "return": -0.1417013687964649,
        "close": 109.2699966430664,
        "prev_close": 127.30999755859375,
        "threshold_used": 0.0752940942370286
      },
      {
        "symbol": "^GSPC",
        "date": "2020-03-16",
        "return": -0.11984055240393443,
        "close": 2386.1298828125,
        "prev_close": 2711.02001953125,
        "threshold_used": 0.03953553326851568
      },
      {
        "symbol": "^GSPC",
        "date": "2025-04-09",
        "return": 0.09515387644904849,
        "close": 5456.89990234375,
        "prev_close": 4982.77001953125,
        "threshold_used": 0.03953553326851568
      },
      {
        "symbol": "^GSPC",
        "date": "2020-03-12",
        "return": -0.09511268097833658,
        "close": 2480.639892578125,
        "prev_close": 2741.3798828125,
        "threshold_used": 0.03953553326851568
      },
      {
        "symbol": "CSSPX.MI",
        "date": "2020-03-24",
        "return": 0.0811200967447181,
        "close": 224.6999969482422,
        "prev_close": 207.83999633789062,
        "threshold_used": 0.03378884690903507
      },
      {
        "symbol": "CSSPX.MI",
        "date": "2020-03-12",
        "return": -0.08067931131491379,
        "close": 225.72999572753906,
        "prev_close": 245.5399932861328,
        "threshold_used": 0.03378884690903507
      },
      {
        "symbol": "CSSPX.MI",
        "date": "2020-03-23",
        "return": -0.06550967620302661,
        "close": 207.83999633789062,
        "prev_close": 222.41000366210938,
        "threshold_used": 0.03378884690903507
      }
    ]
  }
}