{
  "timestamp": "2026-01-05T18:40:44.241033",
  "test_p0_3_zombie_exclusion": {
    "zombie_symbols_found": 3,
    "zombie_details": [
      {
        "symbol": "XS2L.MI",
        "zombie_days": 486,
        "first_zombie": "2010-04-27",
        "last_zombie": "2025-12-24"
      },
      {
        "symbol": "CSSPX.MI",
        "zombie_days": 131,
        "first_zombie": "2010-05-19",
        "last_zombie": "2025-12-24"
      },
      {
        "symbol": "^GSPC",
        "zombie_days": 1,
        "first_zombie": "2017-01-10",
        "last_zombie": "2017-01-10"
      }
    ],
    "kpi_comparison": {
      "symbols_checked": 3,
      "zombie_exclusion_applied": true
    }
  }
}